District,State
Ambala,Haryana
Fatehabad,Haryana
Jhajjar,Haryana
Karnal,Haryana
Mewat,Haryana
Panipat,Haryana
Sirsa,Haryana
Bhiwani,Haryana
Gurgaon,Haryana
Jind,Haryana
Kurukshetra,Haryana
Palwal,Haryana
Rewari,Haryana
Sonipat,Haryana
Faridabad,Haryana
Hisar,Haryana
Kaithal,Haryana
Mahendragarh,Haryana
Panchkula,Haryana
Rohtak,Haryana
Yamunanagar,Haryana
Amritsar,Punjab
Faridkot,Punjab
Gurdaspur,Punjab
Kapurthala,Punjab
Moga,Punjab
Rupnagar,Punjab
Shahid Bhagat Singh Nagar,Punjab
Barnala,Punjab
Fatehgarh Sahib,Punjab
Hoshiarpur,Punjab
Ludhiana,Punjab
Muktsar,Punjab
Sahibzada Ajit Singh Nagar,Punjab
Tarn Taran,Punjab
Bathinda,Punjab
Firozpur,Punjab
Jalandhar,Punjab
Mansa,Punjab
Patiala,Punjab
Sangrur,Punjab
Daman,Daman & Diu
Diu,Daman & Diu
Ahmadnagar,Maharashtra
Aurangabad,Maharashtra
Buldana,Maharashtra
Gadchiroli,Maharashtra
Jalgaon,Maharashtra
Latur,Maharashtra
Nagpur,Maharashtra
Nashik,Maharashtra
Pune,Maharashtra
Sangli,Maharashtra
Solapur,Maharashtra
Washim,Maharashtra
Akola,Maharashtra
Bhandara,Maharashtra
Chandrapur,Maharashtra
Gondiya,Maharashtra
Jalna,Maharashtra
Mumbai,Maharashtra
Nanded,Maharashtra
Osmanabad,Maharashtra
Raigarh,Maharashtra
Satara,Maharashtra
Thane,Maharashtra
Yavatmal,Maharashtra
Amravati,Maharashtra
Bid,Maharashtra
Dhule,Maharashtra
Hingoli,Maharashtra
Kolhapur,Maharashtra
Mumbai Suburban,Maharashtra
Nandurbar,Maharashtra
Parbhani,Maharashtra
Ratnagiri,Maharashtra
Sindhudurg,Maharashtra
Wardha,Maharashtra
Aizawl,Mizoram
Lawngtlai,Mizoram
Saiha,Mizoram
Champhai,Mizoram
Lunglei,Mizoram
Serchhip,Mizoram
Kolasib,Mizoram
Mamit,Mizoram
North Goa,Goa
South Goa,Goa
Almora,Uttarakhand
Champawat,Uttarakhand
Hardwar,Uttarakhand
Rudraprayag,Uttarakhand
Uttarkashi,Uttarakhand
Bageshwar,Uttarakhand
Dehradun,Uttarakhand
Nainital,Uttarakhand
Tehri Garhwal,Uttarakhand
Chamoli,Uttarakhand
Garhwal,Uttarakhand
Pithoragarh,Uttarakhand
Udham Singh Nagar,Uttarakhand
