Link,District
https://www.census2011.co.in/census/district/355-thane.html,Thane
https://www.census2011.co.in/census/district/11-north-twenty-four-parganas.html,North Twenty Four Parganas
https://www.census2011.co.in/census/district/242-bangalore.html,Bangalore
https://www.census2011.co.in/census/district/359-pune.html,Pune
https://www.census2011.co.in/census/district/356-mumbai-suburban.html,Mumbai Suburban
https://www.census2011.co.in/census/district/17-south-twenty-four-parganas.html,South Twenty Four Parganas
https://www.census2011.co.in/census/district/9-barddhaman.html,Barddhaman
https://www.census2011.co.in/census/district/188-ahmadabad.html,Ahmadabad
https://www.census2011.co.in/census/district/7-murshidabad.html,Murshidabad
https://www.census2011.co.in/census/district/435-jaipur.html,Jaipur
https://www.census2011.co.in/census/district/354-nashik.html,Nashik
https://www.census2011.co.in/census/district/206-surat.html,Surat
https://www.census2011.co.in/census/district/546-allahabad.html,Allahabad
https://www.census2011.co.in/census/district/18-paschim-medinipur.html,Paschim Medinipur
https://www.census2011.co.in/census/district/82-patna.html,Patna
https://www.census2011.co.in/census/district/12-hugli.html,Hugli
https://www.census2011.co.in/census/district/123-rangareddy.html,Rangareddy
https://www.census2011.co.in/census/district/10-nadia.html,Nadia
https://www.census2011.co.in/census/district/131-east-godavari.html,East Godavari
https://www.census2011.co.in/census/district/56-purbi-champaran.html,Purbi Champaran
https://www.census2011.co.in/census/district/19-purba-medinipur.html,Purba Medinipur
https://www.census2011.co.in/census/district/134-guntur.html,Guntur
https://www.census2011.co.in/census/district/15-haora.html,Haora
https://www.census2011.co.in/census/district/68-muzaffarpur.html,Muzaffarpur
https://www.census2011.co.in/census/district/244-belgaum.html,Belgaum
https://www.census2011.co.in/census/district/506-moradabad.html,Moradabad
https://www.census2011.co.in/census/district/511-ghaziabad.html,Ghaziabad
https://www.census2011.co.in/census/district/343-nagpur.html,Nagpur
https://www.census2011.co.in/census/district/21-chennai.html,Chennai
https://www.census2011.co.in/census/district/562-azamgarh.html,Azamgarh
https://www.census2011.co.in/census/district/528-lucknow.html,Lucknow
https://www.census2011.co.in/census/district/535-kanpur-nagar.html,Kanpur Nagar
https://www.census2011.co.in/census/district/360-ahmadnagar.html,Ahmadnagar
https://www.census2011.co.in/census/district/133-krishna.html,Krishna
https://www.census2011.co.in/census/district/16-kolkata.html,Kolkata
https://www.census2011.co.in/census/district/565-jaunpur.html,Jaunpur
https://www.census2011.co.in/census/district/59-madhubani.html,Madhubani
https://www.census2011.co.in/census/district/525-sitapur.html,Sitapur
https://www.census2011.co.in/census/district/521-bareilly.html,Bareilly
https://www.census2011.co.in/census/district/559-gorakhpur.html,Gorakhpur
https://www.census2011.co.in/census/district/517-agra.html,Agra
https://www.census2011.co.in/census/district/88-gaya.html,Gaya
https://www.census2011.co.in/census/district/364-solapur.html,Solapur
https://www.census2011.co.in/census/district/130-visakhapatnam.html,Visakhapatnam
https://www.census2011.co.in/census/district/73-samastipur.html,Samastipur
https://www.census2011.co.in/census/district/337-jalgaon.html,Jalgaon
https://www.census2011.co.in/census/district/140-chittoor.html,Chittoor
https://www.census2011.co.in/census/district/200-vadodara.html,Vadodara
https://www.census2011.co.in/census/district/504-muzaffarnagar.html,Muzaffarnagar
https://www.census2011.co.in/census/district/275-malappuram.html,Malappuram
https://www.census2011.co.in/census/district/526-hardoi.html,Hardoi
https://www.census2011.co.in/census/district/139-anantapur.html,Anantapur
https://www.census2011.co.in/census/district/495-raipur.html,Raipur
https://www.census2011.co.in/census/district/138-kurnool.html,Kurnool
https://www.census2011.co.in/census/district/124-mahbubnagar.html,Mahbubnagar
https://www.census2011.co.in/census/district/524-kheri.html,Kheri
https://www.census2011.co.in/census/district/22-kancheepuram.html,Kancheepuram
https://www.census2011.co.in/census/district/6-maldah.html,Maldah
https://www.census2011.co.in/census/district/71-saran.html,Saran
https://www.census2011.co.in/census/district/122-hyderabad.html,Hyderabad
https://www.census2011.co.in/census/district/67-darbhanga.html,Darbhanga
https://www.census2011.co.in/census/district/132-west-godavari.html,West Godavari
https://www.census2011.co.in/census/district/23-vellore.html,Vellore
https://www.census2011.co.in/census/district/55-pashchim-champaran.html,Pashchim Champaran
https://www.census2011.co.in/census/district/368-kolhapur.html,Kolhapur
https://www.census2011.co.in/census/district/2-jalpaiguri.html,Jalpaiguri
https://www.census2011.co.in/census/district/190-rajkot.html,Rajkot
https://www.census2011.co.in/census/district/550-sultanpur.html,Sultanpur
https://www.census2011.co.in/census/district/120-karimnagar.html,Karimnagar
https://www.census2011.co.in/census/district/20-thiruvallur.html,Thiruvallur
https://www.census2011.co.in/census/district/353-aurangabad.html,Aurangabad (Maharashtra)
https://www.census2011.co.in/census/district/438-jodhpur.html,Jodhpur
https://www.census2011.co.in/census/district/505-bijnor.html,Bijnor
https://www.census2011.co.in/census/district/520-budaun.html,Budaun
https://www.census2011.co.in/census/district/568-varanasi.html,Varanasi
https://www.census2011.co.in/census/district/429-alwar.html,Alwar
https://www.census2011.co.in/census/district/514-aligarh.html,Aligarh
https://www.census2011.co.in/census/district/168-north-west-delhi.html,North West Delhi
https://www.census2011.co.in/census/district/566-ghazipur.html,Ghazipur
https://www.census2011.co.in/census/district/13-bankura.html,Bankura
https://www.census2011.co.in/census/district/560-kushinagar.html,Kushinagar
https://www.census2011.co.in/census/district/412-ganjam.html,Ganjam
https://www.census2011.co.in/census/district/126-warangal.html,Warangal
https://www.census2011.co.in/census/district/8-birbhum.html,Birbhum
https://www.census2011.co.in/census/district/513-bulandshahar.html,Bulandshahr
https://www.census2011.co.in/census/district/594-ludhiana.html,Ludhiana
https://www.census2011.co.in/census/district/72-vaishali.html,Vaishali
https://www.census2011.co.in/census/district/125-nalgonda.html,Nalgonda
https://www.census2011.co.in/census/district/551-bahraich.html,Bahraich
https://www.census2011.co.in/census/district/28-salem.html,Salem
https://www.census2011.co.in/census/district/503-saharanpur.html,Saharanpur
https://www.census2011.co.in/census/district/27-viluppuram.html,Viluppuram
https://www.census2011.co.in/census/district/32-coimbatore.html,Coimbatore
https://www.census2011.co.in/census/district/509-meerut.html,Meerut
https://www.census2011.co.in/census/district/554-gonda.html,Gonda
https://www.census2011.co.in/census/district/58-sitamarhi.html,Sitamarhi
https://www.census2011.co.in/census/district/529-rae-bareli.html,Rae Bareli
https://www.census2011.co.in/census/district/135-prakasam.html,Prakasam
https://www.census2011.co.in/census/district/349-nanded.html,Nanded
https://www.census2011.co.in/census/district/494-durg.html,Durg
https://www.census2011.co.in/census/district/70-siwan.html,Siwan
https://www.census2011.co.in/census/district/437-nagaur.html,Nagaur
https://www.census2011.co.in/census/district/284-thiruvananthapuram.html,Thiruvananthapuram
https://www.census2011.co.in/census/district/278-ernakulam.html,Ernakulam
https://www.census2011.co.in/census/district/306-indore.html,Indore
https://www.census2011.co.in/census/district/63-purnia.html,Purnia
https://www.census2011.co.in/census/district/547-barabanki.html,Bara Banki
https://www.census2011.co.in/census/district/564-ballia.html,Ballia
https://www.census2011.co.in/census/district/544-pratapgarh.html,Pratapgarh (Uttar Pradesh)
https://www.census2011.co.in/census/district/277-thrissur.html,Thrissur
https://www.census2011.co.in/census/district/183-banaskantha.html,Banas Kantha
https://www.census2011.co.in/census/district/527-unnao.html,Unnao
https://www.census2011.co.in/census/district/561-deoria.html,Deoria
https://www.census2011.co.in/census/district/274-kozhikode.html,Kozhikode
https://www.census2011.co.in/census/district/357-mumbai-city.html,Mumbai
https://www.census2011.co.in/census/district/50-tirunelveli.html,Tirunelveli
https://www.census2011.co.in/census/district/64-katihar.html,Katihar
https://www.census2011.co.in/census/district/455-udaipur.html,Udaipur
https://www.census2011.co.in/census/district/45-madurai.html,Madurai
https://www.census2011.co.in/census/district/76-bhagalpur.html,Bhagalpur
https://www.census2011.co.in/census/district/121-medak.html,Medak
https://www.census2011.co.in/census/district/4-uttar-dinajpur.html,Uttar Dinajpur
https://www.census2011.co.in/census/district/523-shahjahanpur.html,Shahjahanpur
https://www.census2011.co.in/census/district/365-satara.html,Satara
https://www.census2011.co.in/census/district/263-mysore.html,Mysore
https://www.census2011.co.in/census/district/74-begusarai.html,Begusarai
https://www.census2011.co.in/census/district/136-sri-potti-sriramulu-nellore.html,Sri Potti Sriramulu Nellore
https://www.census2011.co.in/census/district/86-rohtas.html,Rohtas
https://www.census2011.co.in/census/district/14-puruliya.html,Puruliya
https://www.census2011.co.in/census/district/113-ranchi.html,Ranchi
https://www.census2011.co.in/census/district/341-amravati.html,Amravati
https://www.census2011.co.in/census/district/137-ysr.html,Y.S.R.
https://www.census2011.co.in/census/district/195-bhavnagar.html,Bhavnagar
https://www.census2011.co.in/census/district/81-nalanda.html,Nalanda
https://www.census2011.co.in/census/district/162-nagaon.html,Nagaon
https://www.census2011.co.in/census/district/369-sangli.html,Sangli
https://www.census2011.co.in/census/district/3-koch-bihar.html,Koch Bihar
https://www.census2011.co.in/census/district/61-araria.html,Araria
https://www.census2011.co.in/census/district/276-palakkad.html,Palakkad
https://www.census2011.co.in/census/district/127-khammam.html,Khammam
https://www.census2011.co.in/census/district/348-yavatmal.html,Yavatmal
https://www.census2011.co.in/census/district/193-junagadh.html,Junagadh
https://www.census2011.co.in/census/district/118-adilabad.html,Adilabad
https://www.census2011.co.in/census/district/176-south-delhi.html,South Delhi
https://www.census2011.co.in/census/district/83-bhojpur.html,Bhojpur
https://www.census2011.co.in/census/district/36-tiruchirappalli.html,Tiruchirappalli
https://www.census2011.co.in/census/district/128-srikakulam.html,Srikakulam
https://www.census2011.co.in/census/district/558-maharajganj.html,Mahrajganj
https://www.census2011.co.in/census/district/96-dhanbad.html,Dhanbad
https://www.census2011.co.in/census/district/267-tumkur.html,Tumkur
https://www.census2011.co.in/census/district/436-sikar.html,Sikar
https://www.census2011.co.in/census/district/491-bilaspur.html,Bilaspur (Chhattisgarh)
https://www.census2011.co.in/census/district/283-kollam.html,Kollam
https://www.census2011.co.in/census/district/358-raigarh.html,Raigarh (Maharashtra)
https://www.census2011.co.in/census/district/543-fatehpur.html,Fatehpur
https://www.census2011.co.in/census/district/405-cuttack.html,Cuttack
https://www.census2011.co.in/census/district/39-cuddalore.html,Cuddalore
https://www.census2011.co.in/census/district/440-barmer.html,Barmer
https://www.census2011.co.in/census/district/338-buldana.html,Buldana
https://www.census2011.co.in/census/district/361-bid.html,Bid
https://www.census2011.co.in/census/district/444-ajmer.html,Ajmer
https://www.census2011.co.in/census/district/256-gulbarga.html,Gulbarga
https://www.census2011.co.in/census/district/69-gopalganj.html,Gopalganj
https://www.census2011.co.in/census/district/555-siddharth-nagar.html,Siddharthnagar
https://www.census2011.co.in/census/district/119-nizamabad.html,Nizamabad
https://www.census2011.co.in/census/district/430-bharatpur.html,Bharatpur
https://www.census2011.co.in/census/district/516-mathura.html,Mathura
https://www.census2011.co.in/census/district/174-west-delhi.html,West Delhi
https://www.census2011.co.in/census/district/87-aurangabad.html,Aurangabad (Bihar)
https://www.census2011.co.in/census/district/272-kannur.html,Kannur
https://www.census2011.co.in/census/district/400-mayurbhanj.html,Mayurbhanj
https://www.census2011.co.in/census/district/518-firozabad.html,Firozabad
https://www.census2011.co.in/census/district/570-mirzapur.html,Mirzapur
https://www.census2011.co.in/census/district/602-amritsar.html,Amritsar
https://www.census2011.co.in/census/district/33-tiruppur.html,Tiruppur
https://www.census2011.co.in/census/district/548-faizabad.html,Faizabad
https://www.census2011.co.in/census/district/26-tiruvannamalai.html,Tiruvannamalai
https://www.census2011.co.in/census/district/556-basti.html,Basti
https://www.census2011.co.in/census/district/318-jabalpur.html,Jabalpur
https://www.census2011.co.in/census/district/362-latur.html,Latur
https://www.census2011.co.in/census/district/245-bellary.html,Bellary
https://www.census2011.co.in/census/district/99-giridih.html,Giridih
https://www.census2011.co.in/census/district/186-sabarkantha.html,Sabar Kantha
https://www.census2011.co.in/census/district/447-bhilwara.html,Bhilwara
https://www.census2011.co.in/census/district/42-thanjavur.html,Thanjavur
https://www.census2011.co.in/census/district/549-ambedkar-nagar.html,Ambedkar Nagar
https://www.census2011.co.in/census/district/198-panchmahal.html,Panch Mahals
https://www.census2011.co.in/census/district/294-sagar.html,Sagar
https://www.census2011.co.in/census/district/311-bhopal.html,Bhopal
https://www.census2011.co.in/census/district/297-rewa.html,Rewa
https://www.census2011.co.in/census/district/426-bikaner.html,Bikaner
https://www.census2011.co.in/census/district/486-surguja.html,Surguja
https://www.census2011.co.in/census/district/129-vizianagaram.html,Vizianagaram
https://www.census2011.co.in/census/district/507-rampur.html,Rampur
https://www.census2011.co.in/census/district/401-baleshwar.html,Baleshwar
https://www.census2011.co.in/census/district/197-kheda.html,Kheda
https://www.census2011.co.in/census/district/588-gurdaspur.html,Gurdaspur
https://www.census2011.co.in/census/district/111-purbi-singhbhum.html,Purbi Singhbhum
https://www.census2011.co.in/census/district/175-south-west-delhi.html,South West Delhi
https://www.census2011.co.in/census/district/30-erode.html,Erode
https://www.census2011.co.in/census/district/410-khordha.html,Khordha
https://www.census2011.co.in/census/district/170-north-east-delhi.html,North East Delhi
https://www.census2011.co.in/census/district/60-supaul.html,Supaul
https://www.census2011.co.in/census/district/296-satna.html,Satna
https://www.census2011.co.in/census/district/89-nawada.html,Nawada
https://www.census2011.co.in/census/district/563-mau.html,Mau
https://www.census2011.co.in/census/district/347-chandrapur.html,Chandrapur
https://www.census2011.co.in/census/district/590-jalandhar.html,Jalandhar
https://www.census2011.co.in/census/district/305-dhar.html,Dhar
https://www.census2011.co.in/census/district/247-bijapur.html,Bijapur (Karnataka)
https://www.census2011.co.in/census/district/191-jamnagar.html,Jamnagar
https://www.census2011.co.in/census/district/34-dindigul.html,Dindigul
https://www.census2011.co.in/census/district/553-balrampur.html,Balrampur
https://www.census2011.co.in/census/district/428-jhunjhunun.html,Jhunjhunun
https://www.census2011.co.in/census/district/281-alappuzha.html,Alappuzha
https://www.census2011.co.in/census/district/199-dohad.html,Dohad
https://www.census2011.co.in/census/district/398-sundargarh.html,Sundargarh
https://www.census2011.co.in/census/district/196-anand.html,Anand
https://www.census2011.co.in/census/district/182-kachchh.html,Kachchh
https://www.census2011.co.in/census/district/322-chhindwara.html,Chhindwara
https://www.census2011.co.in/census/district/252-dakshina-kannada.html,Dakshina Kannada
https://www.census2011.co.in/census/district/93-bokaro.html,Bokaro
https://www.census2011.co.in/census/district/336-dhule.html,Dhule
https://www.census2011.co.in/census/district/427-churu.html,Churu
https://www.census2011.co.in/census/district/443-pali.html,Pali
https://www.census2011.co.in/census/district/185-mahesana.html,Mahesana
https://www.census2011.co.in/census/district/77-banka.html,Banka
https://www.census2011.co.in/census/district/288-gwalior.html,Gwalior
https://www.census2011.co.in/census/district/522-pilibhit.html,Pilibhit
https://www.census2011.co.in/census/district/596-firozpur.html,Firozpur
https://www.census2011.co.in/census/district/65-madhepura.html,Madhepura
https://www.census2011.co.in/census/district/537-jhansi.html,Jhansi
https://www.census2011.co.in/census/district/302-ujjain.html,Ujjain
https://www.census2011.co.in/census/district/280-kottayam.html,Kottayam
https://www.census2011.co.in/census/district/424-ganganagar.html,Ganganagar
https://www.census2011.co.in/census/district/286-morena.html,Morena
https://www.census2011.co.in/census/district/352-jalna.html,Jalna
https://www.census2011.co.in/census/district/567-chandauli.html,Chandauli
https://www.census2011.co.in/census/district/452-kota.html,Kota
https://www.census2011.co.in/census/district/148-dhubri.html,Dhubri
https://www.census2011.co.in/census/district/253-davanagere.html,Davanagere
https://www.census2011.co.in/census/district/47-virudhunagar.html,Virudhunagar
https://www.census2011.co.in/census/district/109-palamu.html,Palamu
https://www.census2011.co.in/census/district/264-raichur.html,Raichur
https://www.census2011.co.in/census/district/165-sonitpur.html,Sonitpur
https://www.census2011.co.in/census/district/66-saharsa.html,Saharsa
https://www.census2011.co.in/census/district/601-patiala.html,Patiala
https://www.census2011.co.in/census/district/586-haridwar.html,Hardwar
https://www.census2011.co.in/census/district/241-bagalkot.html,Bagalkot
https://www.census2011.co.in/census/district/530-farrukhabad.html,Farrukhabad
https://www.census2011.co.in/census/district/25-krishnagiri.html,Krishnagiri
https://www.census2011.co.in/census/district/307-west-nimar.html,Khargone (West Nimar)
https://www.census2011.co.in/census/district/51-kanniyakumari.html,Kanniyakumari
https://www.census2011.co.in/census/district/519-mainpuri.html,Mainpuri
https://www.census2011.co.in/census/district/571-sonbhadra.html,Sonbhadra
https://www.census2011.co.in/census/district/254-dharwad.html,Dharwad
https://www.census2011.co.in/census/district/1-darjiling.html,Darjiling
https://www.census2011.co.in/census/district/508-jyotiba-phule-nagar.html,Jyotiba Phule Nagar
https://www.census2011.co.in/census/district/351-parbhani.html,Parbhani
https://www.census2011.co.in/census/district/441-jalor.html,Jalor
https://www.census2011.co.in/census/district/406-jajapur.html,Jajapur
https://www.census2011.co.in/census/district/339-akola.html,Akola
https://www.census2011.co.in/census/district/227-faridabad.html,Faridabad
https://www.census2011.co.in/census/district/262-mandya.html,Mandya
https://www.census2011.co.in/census/district/399-kendujhar.html,Kendujhar
https://www.census2011.co.in/census/district/541-banda.html,Banda
https://www.census2011.co.in/census/district/450-banswara.html,Banswara
https://www.census2011.co.in/census/district/534-ramabai-nagar.html,Kanpur Dehat
https://www.census2011.co.in/census/district/257-hassan.html,Hassan
https://www.census2011.co.in/census/district/425-hanumangarh.html,Hanumangarh
https://www.census2011.co.in/census/district/572-etah.html,Etah
https://www.census2011.co.in/census/district/292-chhattarpur.html,Chhatarpur
https://www.census2011.co.in/census/district/90-jamui.html,Jamui
https://www.census2011.co.in/census/district/189-surendranagar.html,Surendranagar
https://www.census2011.co.in/census/district/266-shimoga.html,Shimoga
https://www.census2011.co.in/census/district/49-thoothukkudi.html,Thoothukkudi
https://www.census2011.co.in/census/district/219-hisar.html,Hisar
https://www.census2011.co.in/census/district/144-cachar.html,Cachar
https://www.census2011.co.in/census/district/102-hazaribagh.html,Hazaribagh
https://www.census2011.co.in/census/district/29-namakkal.html,Namakkal
https://www.census2011.co.in/census/district/290-shivpuri.html,Shivpuri
https://www.census2011.co.in/census/district/457-west-tripura.html,West Tripura
https://www.census2011.co.in/census/district/557-sant-kabir-nagar.html,Sant Kabir Nagar
https://www.census2011.co.in/census/district/171-east-delhi.html,East Delhi
https://www.census2011.co.in/census/district/84-buxar.html,Buxar
https://www.census2011.co.in/census/district/205-valsad.html,Valsad
https://www.census2011.co.in/census/district/246-bidar.html,Bidar
https://www.census2011.co.in/census/district/287-bhind.html,Bhind
https://www.census2011.co.in/census/district/324-balaghat.html,Balaghat
https://www.census2011.co.in/census/district/411-puri.html,Puri
https://www.census2011.co.in/census/district/578-dehradun.html,Dehradun
https://www.census2011.co.in/census/district/142-barpeta.html,Barpeta
https://www.census2011.co.in/census/district/62-kishanganj.html,Kishanganj
https://www.census2011.co.in/census/district/536-jalaun.html,Jalaun
https://www.census2011.co.in/census/district/5-dakshin-dinajpur.html,Dakshin Dinajpur
https://www.census2011.co.in/census/district/75-khagaria.html,Khagaria
https://www.census2011.co.in/census/district/251-chitradurga.html,Chitradurga
https://www.census2011.co.in/census/district/363-osmanabad.html,Osmanabad
https://www.census2011.co.in/census/district/531-kannauj.html,Kannauj
https://www.census2011.co.in/census/district/606-sangrur.html,Sangrur
https://www.census2011.co.in/census/district/417-balangir.html,Balangir
https://www.census2011.co.in/census/district/585-udham-singh-nagar.html,Udham Singh Nagar
https://www.census2011.co.in/census/district/335-nandurbar.html,Nandurbar
https://www.census2011.co.in/census/district/512-gautam-buddha-nagar.html,Gautam Buddha Nagar
https://www.census2011.co.in/census/district/220-bhiwani.html,Bhiwani
https://www.census2011.co.in/census/district/434-dausa.html,Dausa
https://www.census2011.co.in/census/district/85-kaimur.html,Kaimur
https://www.census2011.co.in/census/district/490-janjgir-champa.html,Janjgir Champa
https://www.census2011.co.in/census/district/43-pudukkottai.html,Pudukkottai
https://www.census2011.co.in/census/district/40-nagapattinam.html,Nagapattinam
https://www.census2011.co.in/census/district/366-ratnagiri.html,Ratnagiri
https://www.census2011.co.in/census/district/545-kaushambi.html,Kaushambi
https://www.census2011.co.in/census/district/258-haveri.html,Haveri
https://www.census2011.co.in/census/district/591-hoshiarpur.html,Hoshiarpur
https://www.census2011.co.in/census/district/532-etawah.html,Etawah
https://www.census2011.co.in/census/district/569-sant-ravidas-nagar.html,Sant Ravidas Nagar (Bhadohi)
https://www.census2011.co.in/census/district/419-kalahandi.html,Kalahandi
https://www.census2011.co.in/census/district/314-betul.html,Betul
https://www.census2011.co.in/census/district/515-mahamaya-nagar.html,Mahamaya Nagar
https://www.census2011.co.in/census/district/304-dewas.html,Dewas
https://www.census2011.co.in/census/district/202-bharuch.html,Bharuch
https://www.census2011.co.in/census/district/309-rajgarh.html,Rajgarh
https://www.census2011.co.in/census/district/451-chittaurgarh.html,Chittaurgarh
https://www.census2011.co.in/census/district/493-rajnandgaon.html,Rajnandgaon
https://www.census2011.co.in/census/district/260-kolar.html,Kolar
https://www.census2011.co.in/census/district/639-jammu.html,Jammu
https://www.census2011.co.in/census/district/155-kamrup.html,Kamrup
https://www.census2011.co.in/census/district/225-gurgaon.html,Gurgaon
https://www.census2011.co.in/census/district/194-amreli.html,Amreli
https://www.census2011.co.in/census/district/303-shajapur.html,Shajapur
https://www.census2011.co.in/census/district/230-kangra.html,Kangra
https://www.census2011.co.in/census/district/24-dharmapuri.html,Dharmapuri
https://www.census2011.co.in/census/district/402-bhadrak.html,Bhadrak
https://www.census2011.co.in/census/district/213-karnal.html,Karnal
https://www.census2011.co.in/census/district/110-pashchimi-singhbhum.html,Pashchimi Singhbhum
https://www.census2011.co.in/census/district/488-raigarh.html,Raigarh (Chhattisgarh)
https://www.census2011.co.in/census/district/95-deoghar.html,Deoghar
https://www.census2011.co.in/census/district/394-bargarh.html,Bargarh
https://www.census2011.co.in/census/district/310-vidisha.html,Vidisha
https://www.census2011.co.in/census/district/432-karauli.html,Karauli
https://www.census2011.co.in/census/district/301-ratlam.html,Ratlam
https://www.census2011.co.in/census/district/215-sonipat.html,Sonipat
https://www.census2011.co.in/census/district/291-tikamgarh.html,Tikamgarh
https://www.census2011.co.in/census/district/403-kendrapara.html,Kendrapara
https://www.census2011.co.in/census/district/269-uttara-kannada.html,Uttara Kannada
https://www.census2011.co.in/census/district/573-kanshiram-nagar.html,Kanshiram Nagar
https://www.census2011.co.in/census/district/445-tonk.html,Tonk
https://www.census2011.co.in/census/district/499-bastar.html,Bastar
https://www.census2011.co.in/census/district/454-jhalawar.html,Jhalawar
https://www.census2011.co.in/census/district/187-gandhinagar.html,Gandhinagar
https://www.census2011.co.in/census/district/261-koppal.html,Koppal
https://www.census2011.co.in/census/district/449-dungarpur.html,Dungarpur
https://www.census2011.co.in/census/district/599-bathinda.html,Bathinda
https://www.census2011.co.in/census/district/308-barwani.html,Barwani
https://www.census2011.co.in/census/district/422-koraput.html,Koraput
https://www.census2011.co.in/census/district/533-auraiya.html,Auraiya
https://www.census2011.co.in/census/district/323-seoni.html,Seoni
https://www.census2011.co.in/census/district/78-munger.html,Munger
https://www.census2011.co.in/census/district/48-ramanathapuram.html,Ramanathapuram
https://www.census2011.co.in/census/district/184-patan.html,Patan
https://www.census2011.co.in/census/district/300-mandsaur.html,Mandsaur
https://www.census2011.co.in/census/district/44-sivaganga.html,Sivaganga
https://www.census2011.co.in/census/district/433-sawai-madhopur.html,Sawai Madhopur
https://www.census2011.co.in/census/district/216-jind.html,Jind
https://www.census2011.co.in/census/district/313-raisen.html,Raisen
https://www.census2011.co.in/census/district/204-navsari.html,Navsari
https://www.census2011.co.in/census/district/166-tinsukia.html,Tinsukia
https://www.census2011.co.in/census/district/149-dibrugarh.html,Dibrugarh
https://www.census2011.co.in/census/district/98-garhwa.html,Garhwa
https://www.census2011.co.in/census/district/345-gondiya.html,Gondiya
https://www.census2011.co.in/census/district/97-dumka.html,Dumka
https://www.census2011.co.in/census/district/100-godda.html,Godda
https://www.census2011.co.in/census/district/312-sehore.html,Sehore
https://www.census2011.co.in/census/district/333-east-nimar.html,Khandwa (East Nimar)
https://www.census2011.co.in/census/district/271-kasaragod.html,Kasaragod
https://www.census2011.co.in/census/district/510-baghpat.html,Baghpat
https://www.census2011.co.in/census/district/342-wardha.html,Wardha
https://www.census2011.co.in/census/district/218-sirsa.html,Sirsa
https://www.census2011.co.in/census/district/317-katni.html,Katni
https://www.census2011.co.in/census/district/408-anugul.html,Anugul
https://www.census2011.co.in/census/district/41-thiruvarur.html,Thiruvarur
https://www.census2011.co.in/census/district/295-damoh.html,Damoh
https://www.census2011.co.in/census/district/249-chikkaballapura.html,Chikkaballapura
https://www.census2011.co.in/census/district/156-kamrup-metropolitan.html,Kamrup Metropolitan
https://www.census2011.co.in/census/district/46-theni.html,Theni
https://www.census2011.co.in/census/district/325-guna.html,Guna
https://www.census2011.co.in/census/district/316-hoshangabad.html,Hoshangabad
https://www.census2011.co.in/census/district/628-srinagar.html,Srinagar
https://www.census2011.co.in/census/district/158-karimganj.html,Karimganj
https://www.census2011.co.in/census/district/453-baran.html,Baran
https://www.census2011.co.in/census/district/538-lalitpur.html,Lalitpur
https://www.census2011.co.in/census/district/421-nabarangapur.html,Nabarangapur
https://www.census2011.co.in/census/district/210-yamunanagar.html,Yamunanagar
https://www.census2011.co.in/census/district/489-korba.html,Korba
https://www.census2011.co.in/census/district/431-dhaulpur.html,Dhaulpur
https://www.census2011.co.in/census/district/214-panipat.html,Panipat
https://www.census2011.co.in/census/district/344-bhandara.html,Bhandara
https://www.census2011.co.in/census/district/282-pathanamthitta.html,Pathanamthitta
https://www.census2011.co.in/census/district/340-washim.html,Washim
https://www.census2011.co.in/census/district/407-dhenkanal.html,Dhenkanal
https://www.census2011.co.in/census/district/330-singrauli.html,Singrauli
https://www.census2011.co.in/census/district/268-udupi.html,Udupi
https://www.census2011.co.in/census/district/350-hingoli.html,Hingoli
https://www.census2011.co.in/census/district/270-yadgir.html,Yadgir
https://www.census2011.co.in/census/district/448-rajsamand.html,Rajsamand
https://www.census2011.co.in/census/district/164-sivasagar.html,Sivasagar
https://www.census2011.co.in/census/district/114-sahibganj.html,Sahibganj
https://www.census2011.co.in/census/district/250-chikmagalur.html,Chikmagalur
https://www.census2011.co.in/census/district/404-jagatsinghapur.html,Jagatsinghapur
https://www.census2011.co.in/census/district/209-ambala.html,Ambala
https://www.census2011.co.in/census/district/329-sidhi.html,Sidhi
https://www.census2011.co.in/census/district/91-jehanabad.html,Jehanabad
https://www.census2011.co.in/census/district/603-tarn-taran.html,Tarn Taran
https://www.census2011.co.in/census/district/552-shrawasti.html,Shrawasti
https://www.census2011.co.in/census/district/446-bundi.html,Bundi
https://www.census2011.co.in/census/district/279-idukki.html,Idukki
https://www.census2011.co.in/census/district/539-hamirpur.html,Hamirpur (Uttar Pradesh)
https://www.census2011.co.in/census/district/154-jorhat.html,Jorhat
https://www.census2011.co.in/census/district/319-narsimhapur.html,Narsimhapur
https://www.census2011.co.in/census/district/226-mewat.html,Mewat
https://www.census2011.co.in/census/district/265-ramanagara.html,Ramanagara
https://www.census2011.co.in/census/district/632-anantnag.html,Anantnag
https://www.census2011.co.in/census/district/212-kaithal.html,Kaithal
https://www.census2011.co.in/census/district/346-gadchiroli.html,Gadchiroli
https://www.census2011.co.in/census/district/152-golaghat.html,Golaghat
https://www.census2011.co.in/census/district/327-shahdol.html,Shahdol
https://www.census2011.co.in/census/district/115-saraikela-kharsawan.html,Saraikela Kharsawan
https://www.census2011.co.in/census/district/255-gadag.html,Gadag
https://www.census2011.co.in/census/district/35-karur.html,Karur
https://www.census2011.co.in/census/district/221-rohtak.html,Rohtak
https://www.census2011.co.in/census/district/117-chandigarh.html,Chandigarh
https://www.census2011.co.in/census/district/321-mandla.html,Mandla
https://www.census2011.co.in/census/district/94-chatra.html,Chatra
https://www.census2011.co.in/census/district/228-palwal.html,Palwal
https://www.census2011.co.in/census/district/160-lakhimpur.html,Lakhimpur
https://www.census2011.co.in/census/district/396-sambalpur.html,Sambalpur
https://www.census2011.co.in/census/district/442-sirohi.html,Sirohi
https://www.census2011.co.in/census/district/496-mahasamund.html,Mahasamund
https://www.census2011.co.in/census/district/101-gumla.html,Gumla
https://www.census2011.co.in/census/district/331-jhabua.html,Jhabua
https://www.census2011.co.in/census/district/248-chamarajanagar.html,Chamarajanagar
https://www.census2011.co.in/census/district/293-panna.html,Panna
https://www.census2011.co.in/census/district/151-goalpara.html,Goalpara
https://www.census2011.co.in/census/district/626-baramula.html,Baramula
https://www.census2011.co.in/census/district/79-lakhisarai.html,Lakhisarai
https://www.census2011.co.in/census/district/233-mandi.html,Mandi
https://www.census2011.co.in/census/district/595-moga.html,Moga
https://www.census2011.co.in/census/district/605-mohali.html, Sahibzada Ajit Singh Nagar
https://www.census2011.co.in/census/district/542-chitrakoot.html,Chitrakoot
https://www.census2011.co.in/census/district/243-bangalore-rural.html,Bangalore Rural
https://www.census2011.co.in/census/district/420-rayagada.html,Rayagada
https://www.census2011.co.in/census/district/211-kurukshetra.html,Kurukshetra
https://www.census2011.co.in/census/district/409-nayagarh.html,Nayagarh
https://www.census2011.co.in/census/district/222-jhajjar.html,Jhajjar
https://www.census2011.co.in/census/district/161-morigaon.html,Morigaon
https://www.census2011.co.in/census/district/157-karbi-anglong.html,Karbi Anglong
https://www.census2011.co.in/census/district/584-nainital.html,Nainital
https://www.census2011.co.in/census/district/482-puducherry.html,Puducherry
https://www.census2011.co.in/census/district/141-baksa.html,Baksa
https://www.census2011.co.in/census/district/112-ramgarh.html,Ramgarh
https://www.census2011.co.in/census/district/217-fatehabad.html,Fatehabad
https://www.census2011.co.in/census/district/146-darrang.html,Darrang
https://www.census2011.co.in/census/district/223-mahendragarh.html,Mahendragarh
https://www.census2011.co.in/census/district/597-muktsar.html,Muktsar
https://www.census2011.co.in/census/district/108-pakur.html,Pakur
https://www.census2011.co.in/census/district/224-rewari.html,Rewari
https://www.census2011.co.in/census/district/169-north-delhi.html,North Delhi
https://www.census2011.co.in/census/district/159-kokrajhar.html,Kokrajhar
https://www.census2011.co.in/census/district/458-south-tripura.html,South Tripura
https://www.census2011.co.in/census/district/540-mahoba.html,Mahoba
https://www.census2011.co.in/census/district/619-kupwara.html,Kupwara
https://www.census2011.co.in/census/district/456-pratapgarh.html,Pratapgarh (Rajasthan)
https://www.census2011.co.in/census/district/487-jashpur.html,Jashpur
https://www.census2011.co.in/census/district/367-sindhudurg.html,Sindhudurg
https://www.census2011.co.in/census/district/326-ashoknagar.html,Ashoknagar
https://www.census2011.co.in/census/district/167-udalguri.html,Udalguri
https://www.census2011.co.in/census/district/299-neemuch.html,Neemuch
https://www.census2011.co.in/census/district/384-east-khasi-hills.html,East Khasi Hills
https://www.census2011.co.in/census/district/492-kabirdham.html,Kabeerdham
https://www.census2011.co.in/census/district/180-north-goa.html,North Goa
https://www.census2011.co.in/census/district/273-wayanad.html,Wayanad
https://www.census2011.co.in/census/district/589-kapurthala.html,Kapurthala
https://www.census2011.co.in/census/district/239-shimla.html,Shimla
https://www.census2011.co.in/census/district/207-tapi.html,Tapi
https://www.census2011.co.in/census/district/497-dhamtari.html,Dhamtari
https://www.census2011.co.in/census/district/103-jamtara.html,Jamtara
https://www.census2011.co.in/census/district/289-datia.html,Datia
https://www.census2011.co.in/census/district/163-nalbari.html,Nalbari
https://www.census2011.co.in/census/district/600-mansa.html,Mansa
https://www.census2011.co.in/census/district/334-burhanpur.html,Burhanpur
https://www.census2011.co.in/census/district/38-ariyalur.html,Ariyalur
https://www.census2011.co.in/census/district/620-badgam.html,Badgam
https://www.census2011.co.in/census/district/328-anuppur.html,Anuppur
https://www.census2011.co.in/census/district/498-kanker.html,Uttar Bastar Kanker
https://www.census2011.co.in/census/district/143-bongaigaon.html,Bongaigaon
https://www.census2011.co.in/census/district/31-the-nilgiris.html,The Nilgiris
https://www.census2011.co.in/census/district/414-kandhamal.html,Kandhamal
https://www.census2011.co.in/census/district/332-alirajpur.html,Alirajpur
https://www.census2011.co.in/census/district/106-latehar.html,Latehar
https://www.census2011.co.in/census/district/105-kodarma.html,Kodarma
https://www.census2011.co.in/census/district/320-dindori.html,Dindori
https://www.census2011.co.in/census/district/92-arwal.html,Arwal
https://www.census2011.co.in/census/district/460-north-tripura.html,North Tripura
https://www.census2011.co.in/census/district/285-sheopur.html,Sheopur
https://www.census2011.co.in/census/district/579-pauri-garhwal.html,Pauri Garhwal
https://www.census2011.co.in/census/district/147-dhemaji.html,Dhemaji
https://www.census2011.co.in/census/district/604-rupnagar.html,Rupnagar
https://www.census2011.co.in/census/district/439-jaisalmer.html,Jaisalmer
https://www.census2011.co.in/census/district/153-hailakandi.html,Hailakandi
https://www.census2011.co.in/census/district/485-korea.html,Koriya
https://www.census2011.co.in/census/district/57-sheohar.html,Sheohar
https://www.census2011.co.in/census/district/298-umaria.html,Umaria
https://www.census2011.co.in/census/district/379-west-garo-hills.html,West Garo Hills
https://www.census2011.co.in/census/district/624-rajouri.html,Rajouri
https://www.census2011.co.in/census/district/181-south-goa.html,South Goa
https://www.census2011.co.in/census/district/80-sheikhpura.html,Sheikhpura
https://www.census2011.co.in/census/district/582-almora.html,Almora
https://www.census2011.co.in/census/district/577-tehri-garhwal.html,Tehri Garhwal
https://www.census2011.co.in/census/district/598-faridkot.html,Faridkot
https://www.census2011.co.in/census/district/625-kathua.html,Kathua
https://www.census2011.co.in/census/district/423-malkangiri.html,Malkangiri
https://www.census2011.co.in/census/district/592-shahid-bhagat-singh-nagar.html,Shahid Bhagat Singh Nagar
https://www.census2011.co.in/census/district/418-nuapada.html,Nuapada
https://www.census2011.co.in/census/district/416-subarnapur.html,Subarnapur
https://www.census2011.co.in/census/district/593-fatehgarh-sahib.html,Fatehgarh Sahib
https://www.census2011.co.in/census/district/116-simdega.html,Simdega
https://www.census2011.co.in/census/district/607-barnala.html,Barnala
https://www.census2011.co.in/census/district/201-narmada.html,Narmada
https://www.census2011.co.in/census/district/192-porbandar.html,Porbandar
https://www.census2011.co.in/census/district/173-central-delhi.html,Central Delhi
https://www.census2011.co.in/census/district/237-solan.html,Solan
https://www.census2011.co.in/census/district/395-jharsuguda.html,Jharsuguda
https://www.census2011.co.in/census/district/413-gajapati.html,Gajapati
https://www.census2011.co.in/census/district/315-harda.html,Harda
https://www.census2011.co.in/census/district/37-perambalur.html,Perambalur
https://www.census2011.co.in/census/district/208-panchkula.html,Panchkula
https://www.census2011.co.in/census/district/630-pulwama.html,Pulwama
https://www.census2011.co.in/census/district/637-udhampur.html,Udhampur
https://www.census2011.co.in/census/district/259-kodagu.html,Kodagu
https://www.census2011.co.in/census/district/501-dantewada.html,Dakshin Bastar Dantewada
https://www.census2011.co.in/census/district/104-khunti.html,Khunti
https://www.census2011.co.in/census/district/238-sirmaur.html,Sirmaur
https://www.census2011.co.in/census/district/235-una.html,Una
https://www.census2011.co.in/census/district/229-chamba.html,Chamba
https://www.census2011.co.in/census/district/375-imphal-west.html,Imphal West
https://www.census2011.co.in/census/district/580-pithoragarh.html,Pithoragarh
https://www.census2011.co.in/census/district/145-chirang.html,Chirang
https://www.census2011.co.in/census/district/370-senapati.html,Senapati
https://www.census2011.co.in/census/district/623-punch.html,Punch
https://www.census2011.co.in/census/district/107-lohardaga.html,Lohardaga
https://www.census2011.co.in/census/district/376-imphal-east.html,Imphal East
https://www.census2011.co.in/census/district/234-hamirpur.html,Hamirpur (Himachal Pradesh)
https://www.census2011.co.in/census/district/415-baudh.html,Baudh
https://www.census2011.co.in/census/district/232-kullu.html,Kullu
https://www.census2011.co.in/census/district/633-kulgam.html,Kulgam
https://www.census2011.co.in/census/district/374-thoubal.html,Thoubal
https://www.census2011.co.in/census/district/634-doda.html,Doda
https://www.census2011.co.in/census/district/388-aizawl.html,Aizawl
https://www.census2011.co.in/census/district/385-jaintia-hills.html,Jaintia Hills
https://www.census2011.co.in/census/district/627-bandipora.html,Bandipore
https://www.census2011.co.in/census/district/575-chamoli.html,Chamoli
https://www.census2011.co.in/census/district/382-west-khasi-hills.html,West Khasi Hills
https://www.census2011.co.in/census/district/236-bilaspur.html,Bilaspur (Himachal Pradesh)
https://www.census2011.co.in/census/district/612-dimapur.html,Dimapur
https://www.census2011.co.in/census/district/459-dhalai.html,Dhalai
https://www.census2011.co.in/census/district/177-dadra-and-nagar-haveli.html,Dadra & Nagar Haveli
https://www.census2011.co.in/census/district/574-uttarkashi.html,Uttarkashi
https://www.census2011.co.in/census/district/640-samba.html,Samba
https://www.census2011.co.in/census/district/380-east-garo-hills.html,East Garo Hills
https://www.census2011.co.in/census/district/638-reasi.html,Reasi
https://www.census2011.co.in/census/district/397-debagarh.html,Debagarh
https://www.census2011.co.in/census/district/629-ganderbal.html,Ganderbal
https://www.census2011.co.in/census/district/635-ramban.html,Ramban
https://www.census2011.co.in/census/district/464-east-sikkim.html,East Sikkim
https://www.census2011.co.in/census/district/372-churachandpur.html,Churachandpur
https://www.census2011.co.in/census/district/617-kohima.html,Kohima
https://www.census2011.co.in/census/district/631-shupiyan.html,Shupiyan
https://www.census2011.co.in/census/district/581-bageshwar.html,Bageshwar
https://www.census2011.co.in/census/district/583-champawat.html,Champawat
https://www.census2011.co.in/census/district/383-ri-bhoi.html,Ribhoi
https://www.census2011.co.in/census/district/502-bijapur.html,Bijapur (Chhattisgarh)
https://www.census2011.co.in/census/district/608-mon.html,Mon
https://www.census2011.co.in/census/district/576-rudraprayag.html,Rudraprayag
https://www.census2011.co.in/census/district/53-south-andaman.html,South Andaman
https://www.census2011.co.in/census/district/373-bishnupur.html,Bishnupur
https://www.census2011.co.in/census/district/636-kishtwar.html,Kishtwar
https://www.census2011.co.in/census/district/203-the-dangs.html,The Dangs
https://www.census2011.co.in/census/district/150-dima-hasao.html,Dima Hasao
https://www.census2011.co.in/census/district/484-karaikal.html,Karaikal
https://www.census2011.co.in/census/district/614-tuensang.html,Tuensang
https://www.census2011.co.in/census/district/609-mokokchung.html,Mokokchung
https://www.census2011.co.in/census/district/179-daman.html,Daman
https://www.census2011.co.in/census/district/377-ukhrul.html,Ukhrul
https://www.census2011.co.in/census/district/468-papumpare.html,Papum Pare
https://www.census2011.co.in/census/district/611-wokha.html,Wokha
https://www.census2011.co.in/census/district/613-phek.html,Phek
https://www.census2011.co.in/census/district/391-lunglei.html,Lunglei
https://www.census2011.co.in/census/district/473-changlang.html,Changlang
https://www.census2011.co.in/census/district/463-south-sikkim.html,South Sikkim
https://www.census2011.co.in/census/district/479-lohit.html,Lohit
https://www.census2011.co.in/census/district/378-chandel.html,Chandel
https://www.census2011.co.in/census/district/381-south-garo-hills.html,South Garo Hills
https://www.census2011.co.in/census/district/172-new-delhi.html,New Delhi
https://www.census2011.co.in/census/district/622-kargil.html,Kargil
https://www.census2011.co.in/census/district/610-zunheboto.html,Zunheboto
https://www.census2011.co.in/census/district/371-tamenglong.html,Tamenglong
https://www.census2011.co.in/census/district/500-narayanpur.html,Narayanpur
https://www.census2011.co.in/census/district/462-west-sikkim.html,West Sikkim
https://www.census2011.co.in/census/district/621-leh.html,Leh(Ladakh)
https://www.census2011.co.in/census/district/389-champhai.html,Champhai
https://www.census2011.co.in/census/district/392-lawngtlai.html,Lawngtlai
https://www.census2011.co.in/census/district/470-west-siang.html,West Siang
https://www.census2011.co.in/census/district/474-tirap.html,Tirap
https://www.census2011.co.in/census/district/52-north-and-middle-andaman.html,North & Middle Andaman
https://www.census2011.co.in/census/district/471-east-siang.html,East Siang
https://www.census2011.co.in/census/district/618-peren.html,Peren
https://www.census2011.co.in/census/district/476-kurung-kumey.html,Kurung Kumey
https://www.census2011.co.in/census/district/386-mamit.html,Mamit
https://www.census2011.co.in/census/district/240-kinnaur.html,Kinnaur
https://www.census2011.co.in/census/district/387-kolasib.html,Kolasib
https://www.census2011.co.in/census/district/466-west-kameng.html,West Kameng
https://www.census2011.co.in/census/district/469-upper-subansiri.html,Upper Subansiri
https://www.census2011.co.in/census/district/475-lower-subansiri.html,Lower Subansiri
https://www.census2011.co.in/census/district/467-east-kameng.html,East Kameng
https://www.census2011.co.in/census/district/616-kiphire.html,Kiphire
https://www.census2011.co.in/census/district/390-serchhip.html,Serchhip
https://www.census2011.co.in/census/district/587-lakshadweep.html,Lakshadweep
https://www.census2011.co.in/census/district/393-saiha.html,Saiha
https://www.census2011.co.in/census/district/481-yanam.html,Yanam
https://www.census2011.co.in/census/district/478-lower-dibang-valley.html,Lower Dibang Valley
https://www.census2011.co.in/census/district/178-diu.html,Diu
https://www.census2011.co.in/census/district/615-longleng.html,Longleng
https://www.census2011.co.in/census/district/465-tawang.html,Tawang
https://www.census2011.co.in/census/district/461-north-sikkim.html,North Sikkim
https://www.census2011.co.in/census/district/483-mahe.html,Mahe
https://www.census2011.co.in/census/district/54-nicobars.html,Nicobars
https://www.census2011.co.in/census/district/472-upper-siang.html,Upper Siang
https://www.census2011.co.in/census/district/231-lahul-and-spiti.html,Lahul & Spiti
https://www.census2011.co.in/census/district/480-anjaw.html,Anjaw
https://www.census2011.co.in/census/district/477-dibang-valley.html,Dibang Valley
